timestamp,iso_time,mode,armed,lat,lng,heading,sog_knots,battery_v,state,gate_x,error_px
1785927105.840,2026-08-05 17:51:45,GUIDED,False,-7.9262606,112.5949561,152.09,0.0,0.0,IDLE,,
1785927106.204,2026-08-05 17:51:46,GUIDED,False,-7.92626,112.5949525,152.09,0.0,0.0,IDLE,,
1785927106.448,2026-08-05 17:51:46,GUIDED,False,-7.9262596,112.5949522,152.08,0.0,0.0,IDLE,,
1785927106.635,2026-08-05 17:51:46,GUIDED,False,-7.9262599,112.594951,152.07,0.0,0.0,IDLE,,
1785927106.822,2026-08-05 17:51:46,GUIDED,False,-7.9262595,112.5949523,152.07,0.0,0.0,IDLE,,
1785927107.017,2026-08-05 17:51:47,GUIDED,False,-7.9262578,112.5949522,152.06,0.0,0.0,IDLE,,
1785927107.214,2026-08-05 17:51:47,GUIDED,False,-7.9262569,112.5949469,152.06,0.0,0.0,IDLE,,
1785927107.373,2026-08-05 17:51:47,GUIDED,False,-7.9262569,112.5949469,152.06,0.0,0.0,IDLE,,
1785927107.549,2026-08-05 17:51:47,GUIDED,False,-7.9262565,112.594939,152.07,0.0,0.0,IDLE,,
1785927107.717,2026-08-05 17:51:47,GUIDED,False,-7.9262566,112.5949325,152.07,0.0,0.0,IDLE,,
1785927107.905,2026-08-05 17:51:47,GUIDED,False,-7.9262566,112.5949287,152.08,0.0,0.0,IDLE,,
1785927108.133,2026-08-05 17:51:48,GUIDED,False,-7.9262565,112.5949279,152.09,0.0,0.0,IDLE,,
1785927108.282,2026-08-05 17:51:48,GUIDED,False,-7.9262545,112.5949268,152.08,0.0,0.0,IDLE,,
1785927108.426,2026-08-05 17:51:48,GUIDED,False,-7.9262513,112.5949266,152.09,0.0,0.0,IDLE,,
1785927108.569,2026-08-05 17:51:48,GUIDED,False,-7.9262513,112.5949266,152.11,0.0,0.0,IDLE,,
1785927108.760,2026-08-05 17:51:48,GUIDED,False,-7.9262467,112.5949278,152.1,0.0,0.0,IDLE,,
1785927108.951,2026-08-05 17:51:48,GUIDED,False,-7.9262448,112.5949228,152.1,0.0,0.0,IDLE,,
1785927109.118,2026-08-05 17:51:49,GUIDED,False,-7.9262455,112.5949254,152.11,0.0,0.0,IDLE,,
1785927109.281,2026-08-05 17:51:49,GUIDED,False,-7.9262476,112.5949332,152.11,0.0,0.0,IDLE,,
1785927109.451,2026-08-05 17:51:49,GUIDED,False,-7.9262511,112.594936,152.1,0.0,0.0,IDLE,,
1785927109.685,2026-08-05 17:51:49,GUIDED,False,-7.9262536,112.5949418,152.1,0.0,0.0,IDLE,,
1785927109.925,2026-08-05 17:51:49,GUIDED,False,-7.9262578,112.5949571,152.1,0.0,0.0,IDLE,,
1785927110.067,2026-08-05 17:51:50,GUIDED,False,-7.926262,112.5949686,152.1,0.0,0.0,IDLE,,
1785927110.214,2026-08-05 17:51:50,GUIDED,False,-7.9262658,112.5949802,152.11,0.0,0.0,IDLE,,
1785927110.400,2026-08-05 17:51:50,GUIDED,False,-7.9262694,112.594987,152.12,0.0,0.0,IDLE,,
1785927110.650,2026-08-05 17:51:50,GUIDED,False,-7.9262727,112.5949943,152.12,0.0,0.0,IDLE,,
1785927110.838,2026-08-05 17:51:50,GUIDED,False,-7.9262731,112.5949974,152.11,0.0,0.0,IDLE,,
1785927110.993,2026-08-05 17:51:50,GUIDED,False,-7.9262731,112.5949974,152.12,0.0,0.0,IDLE,,
1785927111.170,2026-08-05 17:51:51,GUIDED,False,-7.9262703,112.5949979,152.12,0.0,0.0,IDLE,,
1785927111.355,2026-08-05 17:51:51,GUIDED,False,-7.9262697,112.5949977,152.1,0.0,0.0,IDLE,,
1785927111.548,2026-08-05 17:51:51,GUIDED,False,-7.9262687,112.5949942,152.11,0.0,0.0,IDLE,,
1785927111.696,2026-08-05 17:51:51,GUIDED,False,-7.9262668,112.5949917,152.1,0.0,0.0,IDLE,,
1785927111.845,2026-08-05 17:51:51,GUIDED,False,-7.9262632,112.5949867,152.12,0.0,0.0,IDLE,,
1785927111.985,2026-08-05 17:51:51,GUIDED,False,-7.9262632,112.5949867,152.12,0.0,0.0,IDLE,,
1785927112.133,2026-08-05 17:51:52,GUIDED,False,-7.9262612,112.5949886,152.13,0.0,0.0,IDLE,,
1785927112.272,2026-08-05 17:51:52,GUIDED,False,-7.9262595,112.5949835,152.15,0.0,0.0,IDLE,,
1785927112.413,2026-08-05 17:51:52,GUIDED,False,-7.9262583,112.5949777,152.14,0.0,0.0,IDLE,,
1785927112.551,2026-08-05 17:51:52,GUIDED,False,-7.9262583,112.5949777,152.15,0.0,0.0,IDLE,,
1785927112.689,2026-08-05 17:51:52,GUIDED,False,-7.9262591,112.5949808,152.16,0.0,0.0,IDLE,,
1785927112.834,2026-08-05 17:51:52,GUIDED,False,-7.9262598,112.5949781,152.16,0.0,0.0,IDLE,,
1785927112.978,2026-08-05 17:51:52,GUIDED,False,-7.9262598,112.5949781,152.16,0.0,0.0,IDLE,,
1785927113.133,2026-08-05 17:51:53,GUIDED,False,-7.9262634,112.5949837,152.15,0.0,0.0,IDLE,,
1785927113.282,2026-08-05 17:51:53,GUIDED,False,-7.9262664,112.5949797,152.15,0.0,0.0,IDLE,,
1785927113.418,2026-08-05 17:51:53,GUIDED,False,-7.9262688,112.5949845,152.15,0.0,0.0,IDLE,,
1785927113.557,2026-08-05 17:51:53,GUIDED,False,-7.9262688,112.5949845,152.15,0.0,0.0,IDLE,,
1785927113.696,2026-08-05 17:51:53,GUIDED,False,-7.9262712,112.5949879,152.14,0.0,0.0,IDLE,,
1785927113.837,2026-08-05 17:51:53,GUIDED,False,-7.9262729,112.5949887,152.14,0.0,0.0,IDLE,,
1785927113.978,2026-08-05 17:51:53,GUIDED,False,-7.9262729,112.5949887,152.14,0.0,0.0,IDLE,,
1785927114.133,2026-08-05 17:51:54,GUIDED,False,-7.9262752,112.5949984,152.13,0.0,0.0,IDLE,,
1785927114.272,2026-08-05 17:51:54,GUIDED,False,-7.9262759,112.5949967,152.13,0.0,0.0,IDLE,,
1785927114.410,2026-08-05 17:51:54,GUIDED,False,-7.9262758,112.5949981,152.14,0.0,0.0,IDLE,,
1785927114.553,2026-08-05 17:51:54,GUIDED,False,-7.9262758,112.5949981,152.15,0.0,0.0,IDLE,,
1785927114.700,2026-08-05 17:51:54,GUIDED,False,-7.9262756,112.5950008,152.13,0.0,0.0,IDLE,,
1785927114.837,2026-08-05 17:51:54,GUIDED,False,-7.9262749,112.5949974,152.13,0.0,0.0,IDLE,,
1785927114.984,2026-08-05 17:51:54,GUIDED,False,-7.9262749,112.5949974,152.13,0.0,0.0,IDLE,,
1785927115.132,2026-08-05 17:51:55,GUIDED,False,-7.9262737,112.5949876,152.11,0.0,0.0,IDLE,,
1785927115.267,2026-08-05 17:51:55,GUIDED,False,-7.9262725,112.5949859,152.11,0.0,0.0,IDLE,,
1785927115.406,2026-08-05 17:51:55,GUIDED,False,-7.926272,112.5949862,152.12,0.0,0.0,IDLE,,
1785927115.541,2026-08-05 17:51:55,GUIDED,False,-7.926272,112.5949862,152.13,0.0,0.0,IDLE,,
1785927115.694,2026-08-05 17:51:55,GUIDED,False,-7.9262726,112.5949843,152.1,0.0,0.0,IDLE,,
1785927115.835,2026-08-05 17:51:55,GUIDED,False,-7.9262715,112.5949804,152.12,0.0,0.0,IDLE,,
1785927115.978,2026-08-05 17:51:55,GUIDED,False,-7.9262715,112.5949804,152.13,0.0,0.0,IDLE,,
1785927116.132,2026-08-05 17:51:56,GUIDED,False,-7.9262716,112.5949785,152.1,0.0,0.0,IDLE,,
1785927116.266,2026-08-05 17:51:56,GUIDED,False,-7.9262721,112.5949766,152.09,0.0,0.0,IDLE,,
1785927116.414,2026-08-05 17:51:56,GUIDED,False,-7.9262706,112.5949751,152.08,0.0,0.0,IDLE,,
1785927116.563,2026-08-05 17:51:56,GUIDED,False,-7.9262706,112.5949751,152.09,0.0,0.0,IDLE,,
1785927116.698,2026-08-05 17:51:56,GUIDED,False,-7.9262688,112.5949753,152.09,0.0,0.0,IDLE,,
1785927116.835,2026-08-05 17:51:56,GUIDED,False,-7.9262675,112.5949817,152.09,0.0,0.0,IDLE,,
1785927116.975,2026-08-05 17:51:56,GUIDED,False,-7.9262675,112.5949817,152.09,0.0,0.0,IDLE,,
1785927117.129,2026-08-05 17:51:57,GUIDED,False,-7.9262665,112.5949848,152.09,0.0,0.0,IDLE,,
1785927117.265,2026-08-05 17:51:57,GUIDED,False,-7.9262665,112.5949848,152.1,0.0,0.0,IDLE,,
1785927117.409,2026-08-05 17:51:57,GUIDED,False,-7.9262663,112.5949888,152.1,0.0,0.0,IDLE,,
1785927117.547,2026-08-05 17:51:57,GUIDED,False,-7.9262662,112.594993,152.1,0.0,0.0,IDLE,,
1785927117.693,2026-08-05 17:51:57,GUIDED,False,-7.9262666,112.5949982,152.09,0.0,0.0,IDLE,,
1785927117.843,2026-08-05 17:51:57,GUIDED,False,-7.9262666,112.5949982,152.11,0.0,0.0,IDLE,,
1785927117.983,2026-08-05 17:51:57,GUIDED,False,-7.9262653,112.5950019,152.11,0.0,0.0,IDLE,,
1785927118.127,2026-08-05 17:51:58,GUIDED,False,-7.926264,112.5950038,152.12,0.0,0.0,IDLE,,
1785927118.267,2026-08-05 17:51:58,GUIDED,False,-7.926264,112.5950038,152.12,0.0,0.0,IDLE,,
1785927118.421,2026-08-05 17:51:58,GUIDED,False,-7.9262672,112.595012,152.11,0.0,0.0,IDLE,,
1785927118.554,2026-08-05 17:51:58,GUIDED,False,-7.9262672,112.595012,152.1,0.0,0.0,IDLE,,
1785927118.699,2026-08-05 17:51:58,GUIDED,False,-7.9262692,112.5950143,152.08,0.0,0.0,IDLE,,
1785927118.847,2026-08-05 17:51:58,GUIDED,False,-7.9262691,112.595007,152.09,0.0,0.0,IDLE,,
1785927118.998,2026-08-05 17:51:58,GUIDED,False,-7.9262699,112.5950081,152.08,0.0,0.0,IDLE,,
1785927119.136,2026-08-05 17:51:59,GUIDED,False,-7.9262699,112.5950081,152.08,0.0,0.0,IDLE,,
1785927119.281,2026-08-05 17:51:59,GUIDED,False,-7.9262694,112.595005,152.08,0.0,0.0,IDLE,,
1785927119.463,2026-08-05 17:51:59,GUIDED,False,-7.9262691,112.5950052,152.06,0.0,0.0,IDLE,,
1785927119.619,2026-08-05 17:51:59,GUIDED,False,-7.9262684,112.5950054,152.05,0.0,0.0,IDLE,,
1785927119.787,2026-08-05 17:51:59,GUIDED,False,-7.9262659,112.5950056,152.04,0.0,0.0,IDLE,,
1785927119.926,2026-08-05 17:51:59,GUIDED,False,-7.9262659,112.5950056,152.03,0.0,0.0,IDLE,,
1785927120.061,2026-08-05 17:52:00,GUIDED,False,-7.926258,112.5949931,152.03,0.0,0.0,IDLE,,
1785927120.202,2026-08-05 17:52:00,GUIDED,False,-7.926248,112.594984,152.03,0.0,0.0,IDLE,,
1785927120.342,2026-08-05 17:52:00,GUIDED,False,-7.926248,112.594984,152.04,0.0,0.0,IDLE,,
1785927120.493,2026-08-05 17:52:00,GUIDED,False,-7.9262385,112.5949743,152.06,0.0,0.0,IDLE,,
1785927120.639,2026-08-05 17:52:00,GUIDED,False,-7.9262274,112.5949649,152.05,0.0,0.0,IDLE,,
1785927120.801,2026-08-05 17:52:00,GUIDED,False,-7.9262177,112.5949545,152.04,0.0,0.0,IDLE,,
1785927120.945,2026-08-05 17:52:00,GUIDED,False,-7.9262177,112.5949545,152.06,0.0,0.0,IDLE,,
1785927121.088,2026-08-05 17:52:01,GUIDED,False,-7.9262097,112.5949461,152.09,0.0,0.0,IDLE,,
1785927121.233,2026-08-05 17:52:01,GUIDED,False,-7.9262028,112.5949434,152.09,0.0,0.0,IDLE,,
1785927121.371,2026-08-05 17:52:01,GUIDED,False,-7.9262028,112.5949434,152.09,0.0,0.0,IDLE,,
1785927121.526,2026-08-05 17:52:01,GUIDED,False,-7.9261962,112.594937,152.09,0.0,0.0,IDLE,,
1785927121.661,2026-08-05 17:52:01,GUIDED,False,-7.9261917,112.5949301,152.09,0.0,0.0,IDLE,,
1785927121.801,2026-08-05 17:52:01,GUIDED,False,-7.9261893,112.5949242,152.09,0.0,0.0,IDLE,,
1785927121.952,2026-08-05 17:52:01,GUIDED,False,-7.9261893,112.5949242,152.09,0.0,0.0,IDLE,,
1785927122.096,2026-08-05 17:52:02,GUIDED,False,-7.9261878,112.5949192,152.09,0.0,0.0,IDLE,,
1785927122.236,2026-08-05 17:52:02,GUIDED,False,-7.926186,112.5949157,152.1,0.0,0.0,IDLE,,
1785927122.396,2026-08-05 17:52:02,GUIDED,False,-7.926186,112.5949157,152.1,0.0,0.0,IDLE,,
1785927122.534,2026-08-05 17:52:02,GUIDED,False,-7.9261821,112.5949112,152.09,0.0,0.0,IDLE,,
1785927122.670,2026-08-05 17:52:02,GUIDED,False,-7.9261794,112.5949054,152.09,0.0,0.0,IDLE,,
1785927122.815,2026-08-05 17:52:02,GUIDED,False,-7.9261781,112.5949002,152.08,0.0,0.0,IDLE,,
1785927122.987,2026-08-05 17:52:02,GUIDED,False,-7.9261781,112.5949002,152.08,0.0,0.0,IDLE,,
1785927123.196,2026-08-05 17:52:03,GUIDED,False,-7.9261774,112.5948957,152.06,0.0,0.0,IDLE,,
1785927123.342,2026-08-05 17:52:03,GUIDED,False,-7.9261774,112.5948926,152.06,0.0,0.0,IDLE,,
1785927123.492,2026-08-05 17:52:03,GUIDED,False,-7.9261788,112.5948891,152.04,0.0,0.0,IDLE,,
1785927123.648,2026-08-05 17:52:03,GUIDED,False,-7.92618,112.5948873,152.06,0.0,0.0,IDLE,,
1785927123.787,2026-08-05 17:52:03,GUIDED,False,-7.9261804,112.594887,152.05,0.0,0.0,IDLE,,
1785927123.927,2026-08-05 17:52:03,GUIDED,False,-7.9261804,112.594887,152.06,0.0,0.0,IDLE,,
1785927124.082,2026-08-05 17:52:04,GUIDED,False,-7.9261809,112.5948855,152.06,0.0,0.0,IDLE,,
1785927124.275,2026-08-05 17:52:04,GUIDED,False,-7.9261802,112.5948848,152.06,0.0,0.0,IDLE,,
1785927124.460,2026-08-05 17:52:04,GUIDED,False,-7.9261802,112.5948814,152.05,0.0,0.0,IDLE,,
1785927124.630,2026-08-05 17:52:04,GUIDED,False,-7.9261805,112.5948769,152.05,0.0,0.0,IDLE,,
1785927124.826,2026-08-05 17:52:04,GUIDED,False,-7.9261808,112.5948748,152.05,0.0,0.0,IDLE,,
1785927125.025,2026-08-05 17:52:05,GUIDED,False,-7.9261807,112.5948731,152.06,0.0,0.0,IDLE,,
1785927125.184,2026-08-05 17:52:05,GUIDED,False,-7.9261807,112.5948731,152.06,0.0,0.0,IDLE,,
1785927125.321,2026-08-05 17:52:05,GUIDED,False,-7.92618,112.5948747,152.06,0.0,0.0,IDLE,,
1785927125.457,2026-08-05 17:52:05,GUIDED,False,-7.9261794,112.5948748,152.06,0.0,0.0,IDLE,,
1785927125.594,2026-08-05 17:52:05,GUIDED,False,-7.9261794,112.5948748,152.07,0.0,0.0,IDLE,,
1785927125.735,2026-08-05 17:52:05,GUIDED,False,-7.9261797,112.5948739,152.09,0.0,0.0,IDLE,,
1785927125.882,2026-08-05 17:52:05,GUIDED,False,-7.9261807,112.5948721,152.09,0.0,0.0,IDLE,,
1785927126.025,2026-08-05 17:52:06,GUIDED,False,-7.9261807,112.5948716,152.1,0.0,0.0,IDLE,,
1785927126.182,2026-08-05 17:52:06,GUIDED,False,-7.9261807,112.5948716,152.1,0.0,0.0,IDLE,,
1785927126.323,2026-08-05 17:52:06,GUIDED,False,-7.9261799,112.5948723,152.11,0.0,0.0,IDLE,,
1785927126.471,2026-08-05 17:52:06,GUIDED,False,-7.9261798,112.5948696,152.1,0.0,0.0,IDLE,,
1785927126.629,2026-08-05 17:52:06,GUIDED,False,-7.9261788,112.5948706,152.11,0.0,0.0,IDLE,,
1785927126.772,2026-08-05 17:52:06,GUIDED,False,-7.9261788,112.5948706,152.12,0.0,0.0,IDLE,,
1785927126.905,2026-08-05 17:52:06,GUIDED,False,-7.9261788,112.5948683,152.11,0.0,0.0,IDLE,,
1785927127.047,2026-08-05 17:52:07,GUIDED,False,-7.9261794,112.5948664,152.1,0.0,0.0,IDLE,,
1785927127.208,2026-08-05 17:52:07,GUIDED,False,-7.9261803,112.5948642,152.11,0.0,0.0,IDLE,,
1785927127.357,2026-08-05 17:52:07,GUIDED,False,-7.9261803,112.5948642,152.11,0.0,0.0,IDLE,,
1785927127.499,2026-08-05 17:52:07,GUIDED,False,-7.9261813,112.5948648,152.1,0.0,0.0,IDLE,,
1785927127.647,2026-08-05 17:52:07,GUIDED,False,-7.9261823,112.5948665,152.1,0.0,0.0,IDLE,,
1785927127.785,2026-08-05 17:52:07,GUIDED,False,-7.9261835,112.5948678,152.1,0.0,0.0,IDLE,,
1785927127.923,2026-08-05 17:52:07,GUIDED,False,-7.9261835,112.5948678,152.1,0.0,0.0,IDLE,,
1785927128.072,2026-08-05 17:52:08,GUIDED,False,-7.9261842,112.5948694,152.08,0.0,0.0,IDLE,,
1785927128.217,2026-08-05 17:52:08,GUIDED,False,-7.9261849,112.5948714,152.09,0.0,0.0,IDLE,,
1785927128.356,2026-08-05 17:52:08,GUIDED,False,-7.9261849,112.5948714,152.09,0.0,0.0,IDLE,,
1785927128.498,2026-08-05 17:52:08,GUIDED,False,-7.9261858,112.5948715,152.08,0.0,0.0,IDLE,,
1785927128.637,2026-08-05 17:52:08,GUIDED,False,-7.926186,112.5948702,152.09,0.0,0.0,IDLE,,
1785927128.777,2026-08-05 17:52:08,GUIDED,True,-7.926186,112.5948702,152.08,0.0,0.0,IDLE,,
1785927128.921,2026-08-05 17:52:08,GUIDED,True,-7.9261864,112.5948679,152.1,0.0,0.0,IDLE,,
1785927129.086,2026-08-05 17:52:09,GUIDED,True,-7.926186,112.594866,152.09,0.0,0.0,IDLE,,
1785927129.243,2026-08-05 17:52:09,GUIDED,True,-7.926185,112.5948589,152.09,0.0,0.0,IDLE,,
1785927129.396,2026-08-05 17:52:09,GUIDED,True,-7.926185,112.5948589,152.09,0.0,0.0,IDLE,,
1785927129.546,2026-08-05 17:52:09,GUIDED,True,-7.9261869,112.5948549,152.09,0.0,0.0,IDLE,,
1785927129.688,2026-08-05 17:52:09,GUIDED,True,-7.9261896,112.5948574,152.09,0.0,0.0,IDLE,,
1785927129.829,2026-08-05 17:52:09,GUIDED,True,-7.9261919,112.5948548,152.07,0.0,0.0,IDLE,,
1785927129.981,2026-08-05 17:52:09,GUIDED,True,-7.9261919,112.5948548,152.07,0.0,0.0,IDLE,,
1785927130.146,2026-08-05 17:52:10,GUIDED,True,-7.9261945,112.5948533,152.07,0.0,0.0,START,,
1785927130.291,2026-08-05 17:52:10,GUIDED,True,-7.9261973,112.5948515,152.08,0.0,0.0,START,,
1785927130.429,2026-08-05 17:52:10,GUIDED,True,-7.9261985,112.5948496,152.07,0.0,0.0,START,,
1785927130.567,2026-08-05 17:52:10,GUIDED,True,-7.9261985,112.5948496,152.08,0.0,0.0,START,,
1785927130.709,2026-08-05 17:52:10,GUIDED,True,-7.9261987,112.594845,152.11,0.0,0.0,START,,
1785927130.863,2026-08-05 17:52:10,GUIDED,True,-7.9261988,112.5948417,152.12,0.0,0.0,START,,
1785927131.000,2026-08-05 17:52:11,GUIDED,True,-7.9261988,112.5948417,152.12,0.0,0.0,START,,
1785927131.153,2026-08-05 17:52:11,GUIDED,True,-7.926199,112.5948366,152.12,0.0,0.0,START,,
1785927131.295,2026-08-05 17:52:11,GUIDED,True,-7.9262004,112.5948401,152.1,0.0,0.0,START,,
1785927131.448,2026-08-05 17:52:11,GUIDED,True,-7.9262017,112.5948517,152.11,0.0,0.0,START,,
1785927131.604,2026-08-05 17:52:11,GUIDED,True,-7.926206,112.5948566,152.1,0.0,0.0,START,,
1785927131.752,2026-08-05 17:52:11,GUIDED,True,-7.926206,112.5948566,152.1,0.0,0.0,START,,
1785927131.895,2026-08-05 17:52:11,GUIDED,True,-7.9262099,112.5948635,152.11,0.0,0.0,START,,
1785927132.038,2026-08-05 17:52:12,GUIDED,True,-7.9262138,112.5948651,152.11,0.0,0.0,START,,
1785927132.225,2026-08-05 17:52:12,GUIDED,True,-7.9262181,112.5948592,152.12,0.0,0.0,START,,
1785927132.364,2026-08-05 17:52:12,GUIDED,True,-7.9262181,112.5948592,152.11,0.0,0.0,START,,
1785927132.507,2026-08-05 17:52:12,GUIDED,True,-7.9262198,112.5948543,152.12,0.0,0.0,START,,
1785927132.655,2026-08-05 17:52:12,GUIDED,True,-7.9262218,112.5948483,152.11,0.0,0.0,START,,
1785927132.799,2026-08-05 17:52:12,GUIDED,True,-7.9262218,112.5948483,152.11,0.0,0.0,START,,
1785927132.948,2026-08-05 17:52:12,GUIDED,True,-7.9262238,112.5948475,152.13,0.0,0.0,START,,
1785927133.092,2026-08-05 17:52:13,GUIDED,True,-7.9262257,112.5948453,152.14,0.0,0.0,START,,
1785927133.266,2026-08-05 17:52:13,GUIDED,True,-7.9262285,112.5948493,152.16,0.0,0.0,TRACKING_BUOY,379.0,59.0
1785927133.415,2026-08-05 17:52:13,GUIDED,True,-7.9262314,112.5948556,152.16,0.0,0.0,TRACKING_BUOY,351.5,31.5
1785927133.564,2026-08-05 17:52:13,GUIDED,True,-7.9262314,112.5948556,152.16,0.0,0.0,TRACKING_BUOY,332.375,12.375
1785927133.710,2026-08-05 17:52:13,GUIDED,True,-7.9262339,112.5948599,152.17,0.0,0.0,TRACKING_BUOY,318.65625,-1.34375
1785927133.856,2026-08-05 17:52:13,GUIDED,True,-7.9262397,112.594864,152.17,0.0,0.0,TRACKING_BUOY,308.6171875,-11.3828125
1785927133.998,2026-08-05 17:52:13,GUIDED,True,-7.9262397,112.594864,152.16,0.0,0.0,TRACKING_BUOY,301.837890625,-18.162109375
1785927134.164,2026-08-05 17:52:14,GUIDED,True,-7.9262465,112.5948694,152.19,0.0,0.0,TRACKING_BUOY,297.87841796875,-22.12158203125
1785927134.314,2026-08-05 17:52:14,GUIDED,True,-7.9262533,112.5948775,152.18,0.0,0.0,TRACKING_BUOY,,
1785927134.451,2026-08-05 17:52:14,GUIDED,True,-7.9262599,112.5948844,152.17,0.0,0.0,TRACKING_BUOY,,
1785927134.595,2026-08-05 17:52:14,GUIDED,True,-7.9262599,112.5948844,152.17,0.0,0.0,TRACKING_BUOY,,
1785927134.741,2026-08-05 17:52:14,GUIDED,True,-7.9262651,112.5948881,152.18,0.0,0.0,TRACKING_BUOY,,
1785927134.878,2026-08-05 17:52:14,GUIDED,True,-7.9262682,112.5948921,152.19,0.0,0.0,TRACKING_BUOY,,
1785927135.018,2026-08-05 17:52:15,GUIDED,True,-7.9262723,112.5948981,152.19,0.0,0.0,TRACKING_BUOY,,
1785927135.167,2026-08-05 17:52:15,GUIDED,True,-7.9262723,112.5948981,152.18,0.0,0.0,TRACKING_BUOY,307.0,-13.0
1785927135.308,2026-08-05 17:52:15,GUIDED,True,-7.926277,112.5949021,152.18,0.0,0.0,TRACKING_BUOY,305.875,-14.125
1785927135.448,2026-08-05 17:52:15,GUIDED,True,-7.9262824,112.5949113,152.19,0.0,0.0,TRACKING_BUOY,303.65625,-16.34375
1785927135.589,2026-08-05 17:52:15,GUIDED,True,-7.9262824,112.5949113,152.19,0.0,0.0,TRACKING_BUOY,301.1171875,-18.8828125
1785927135.728,2026-08-05 17:52:15,GUIDED,True,-7.9262879,112.5949308,152.18,0.0,0.0,TRACKING_BUOY,298.587890625,-21.412109375
1785927135.877,2026-08-05 17:52:15,GUIDED,True,-7.926295,112.5949512,152.16,0.0,0.0,TRACKING_BUOY,295.94091796875,-24.05908203125
1785927136.045,2026-08-05 17:52:16,GUIDED,True,-7.9263024,112.594959,152.17,0.0,0.0,TRACKING_BUOY,292.7056884765625,-27.2943115234375
1785927136.186,2026-08-05 17:52:16,GUIDED,True,-7.9263024,112.594959,152.19,0.0,0.0,TRACKING_BUOY,289.9042663574219,-30.095733642578125
1785927136.333,2026-08-05 17:52:16,GUIDED,True,-7.9263079,112.5949645,152.2,0.0,0.0,TRACKING_BUOY,289.0531997680664,-30.946800231933594
1785927136.475,2026-08-05 17:52:16,GUIDED,True,-7.9263111,112.5949705,152.19,0.0,0.0,TRACKING_BUOY,290.4148998260498,-29.585100173950195
1785927136.636,2026-08-05 17:52:16,GUIDED,True,-7.9263125,112.5949687,152.19,0.0,0.0,TRACKING_BUOY,293.81117486953735,-26.188825130462646
1785927136.782,2026-08-05 17:52:16,GUIDED,True,-7.9263125,112.5949687,152.18,0.0,0.0,TRACKING_BUOY,301.483381152153,-18.516618847846985
1785927136.926,2026-08-05 17:52:16,GUIDED,True,-7.9263133,112.5949688,152.17,0.0,0.0,TRACKING_BUOY,310.73753586411476,-9.262464135885239
1785927137.071,2026-08-05 17:52:17,GUIDED,True,-7.9263146,112.5949713,152.16,0.0,0.0,TRACKING_BUOY,320.67815189808607,0.678151898086071
1785927137.220,2026-08-05 17:52:17,GUIDED,True,-7.9263149,112.5949725,152.18,0.0,0.0,TRACKING_BUOY,331.13361392356455,11.133613923564553
1785927137.363,2026-08-05 17:52:17,GUIDED,True,-7.9263149,112.5949725,152.18,0.0,0.0,TRACKING_BUOY,341.4752104426734,21.475210442673415
1785927137.502,2026-08-05 17:52:17,GUIDED,True,-7.9263158,112.5949712,152.15,0.0,0.0,TRACKING_BUOY,351.48140783200506,31.48140783200506
1785927137.650,2026-08-05 17:52:17,GUIDED,True,-7.9263173,112.5949666,152.16,0.0,0.0,TRACKING_BUOY,359.2360558740038,39.236055874003796
1785927137.791,2026-08-05 17:52:17,GUIDED,True,-7.9263173,112.5949666,152.16,0.0,0.0,TRACKING_BUOY,365.30204190550285,45.30204190550285
1785927137.936,2026-08-05 17:52:17,GUIDED,True,-7.9263192,112.5949638,152.17,0.0,0.0,TRACKING_BUOY,369.85153142912714,49.851531429127135
1785927138.081,2026-08-05 17:52:18,GUIDED,True,-7.9263206,112.5949697,152.19,0.0,0.0,TRACKING_BUOY,373.01364857184535,53.01364857184535
1785927138.232,2026-08-05 17:52:18,GUIDED,True,-7.9263211,112.5949772,152.19,0.0,0.0,TRACKING_BUOY,376.635236428884,56.63523642888401
1785927138.370,2026-08-05 17:52:18,GUIDED,True,-7.9263211,112.5949772,152.19,0.0,0.0,TRACKING_BUOY,380.101427321663,60.10142732166298
1785927138.509,2026-08-05 17:52:18,GUIDED,True,-7.9263213,112.5949784,152.18,0.0,0.0,TRACKING_BUOY,382.57607049124726,62.576070491247265
1785927138.651,2026-08-05 17:52:18,GUIDED,True,-7.9263228,112.5949823,152.2,0.0,0.0,TRACKING_BUOY,383.93205286843545,63.93205286843545
1785927138.796,2026-08-05 17:52:18,GUIDED,True,-7.9263228,112.5949823,152.19,0.0,0.0,TRACKING_BUOY,383.8240396513266,63.824039651326586
1785927138.938,2026-08-05 17:52:18,GUIDED,True,-7.9263247,112.5949915,152.2,0.0,0.0,TRACKING_BUOY,379.36802973849495,59.368029738494954
1785927139.087,2026-08-05 17:52:19,GUIDED,True,-7.9263266,112.5949991,152.18,0.0,0.0,TRACKING_BUOY,368.02602230387123,48.02602230387123
1785927139.230,2026-08-05 17:52:19,GUIDED,True,-7.9263287,112.595003,152.18,0.0,0.0,TRACKING_BUOY,350.6445167279034,30.644516727903408
1785927139.379,2026-08-05 17:52:19,GUIDED,True,-7.9263287,112.595003,152.18,0.0,0.0,TRACKING_BUOY,325.98338754592754,5.983387545927542
1785927139.524,2026-08-05 17:52:19,GUIDED,True,-7.9263315,112.5950103,152.19,0.0,0.0,TRACKING_BUOY,302.36254065944564,-17.637459340554358
1785927139.667,2026-08-05 17:52:19,GUIDED,True,-7.926332,112.5950098,152.2,0.0,0.0,TRACKING_BUOY,281.89690549458425,-38.103094505415754
1785927139.805,2026-08-05 17:52:19,GUIDED,True,-7.9263319,112.5950037,152.21,0.0,0.0,TRACKING_BUOY,266.0476791209382,-53.9523208790618
1785927139.950,2026-08-05 17:52:19,GUIDED,True,-7.9263319,112.5950037,152.2,0.0,0.0,TRACKING_BUOY,254.41075934070363,-65.58924065929637
1785927140.095,2026-08-05 17:52:20,GUIDED,True,-7.9263332,112.5950047,152.2,0.0,0.0,TRACKING_BUOY,245.93306950552773,-74.06693049447227
1785927140.249,2026-08-05 17:52:20,GUIDED,True,-7.9263332,112.595005,152.18,0.0,0.0,TRACKING_BUOY,240.57480212914578,-79.42519787085422
1785927140.387,2026-08-05 17:52:20,GUIDED,True,-7.9263332,112.595005,152.19,0.0,0.0,TRACKING_BUOY,237.93110159685932,-82.06889840314068
1785927140.526,2026-08-05 17:52:20,GUIDED,True,-7.9263327,112.5950069,152.19,0.0,0.0,TRACKING_BUOY,237.8233261976445,-82.17667380235551
1785927140.667,2026-08-05 17:52:20,GUIDED,True,-7.9263316,112.5950074,152.18,0.0,0.0,TRACKING_BUOY,241.36749464823336,-78.63250535176664
1785927140.815,2026-08-05 17:52:20,GUIDED,True,-7.9263304,112.5950034,152.18,0.0,0.0,TRACKING_BUOY,248.27562098617503,-71.72437901382497
1785927140.962,2026-08-05 17:52:20,GUIDED,True,-7.9263304,112.5950034,152.19,0.0,0.0,TRACKING_BUOY,258.08171573963125,-61.91828426036875
1785927141.112,2026-08-05 17:52:21,GUIDED,True,-7.9263317,112.5950028,152.19,0.0,0.0,TRACKING_BUOY,271.9362868047234,-48.06371319527659
1785927141.253,2026-08-05 17:52:21,GUIDED,True,-7.9263347,112.595006,152.2,0.0,0.0,TRACKING_BUOY,286.7022151035426,-33.297784896457415
1785927141.393,2026-08-05 17:52:21,GUIDED,True,-7.9263347,112.595006,152.2,0.0,0.0,TRACKING_BUOY,301.27666132765694,-18.72333867234306
1785927141.534,2026-08-05 17:52:21,GUIDED,True,-7.9263383,112.5950115,152.2,0.0,0.0,TRACKING_BUOY,314.9574959957427,-5.042504004257296
1785927141.675,2026-08-05 17:52:21,GUIDED,True,-7.9263404,112.59501,152.18,0.0,0.0,TRACKING_BUOY,327.09312199680704,7.093121996807042
1785927141.816,2026-08-05 17:52:21,GUIDED,True,-7.9263413,112.5950102,152.21,0.0,0.0,TRACKING_BUOY,337.1948414976053,17.194841497605296
1785927141.963,2026-08-05 17:52:21,GUIDED,True,-7.9263413,112.5950102,152.21,0.0,0.0,TRACKING_BUOY,345.021131123204,25.021131123203986
1785927142.106,2026-08-05 17:52:22,GUIDED,True,-7.9263407,112.5950105,152.2,0.0,0.0,TRACKING_BUOY,350.140848342403,30.14084834240299
1785927142.253,2026-08-05 17:52:22,GUIDED,True,-7.9263401,112.5950128,152.2,0.0,0.0,TRACKING_BUOY,352.23063625680226,32.230636256802256
1785927142.393,2026-08-05 17:52:22,GUIDED,True,-7.9263401,112.5950128,152.21,0.0,0.0,TRACKING_BUOY,351.2979771926017,31.297977192601707
1785927142.533,2026-08-05 17:52:22,GUIDED,True,-7.9263401,112.5950104,152.2,0.0,0.0,TRACKING_BUOY,348.0984828944513,28.09848289445131
1785927142.682,2026-08-05 17:52:22,GUIDED,True,-7.9263405,112.5949996,152.18,0.0,0.0,TRACKING_BUOY,342.3238621708385,22.32386217083848
1785927142.831,2026-08-05 17:52:22,GUIDED,True,-7.9263399,112.5949917,152.19,0.0,0.0,TRACKING_BUOY,334.36789662812885,14.367896628128847
1785927142.971,2026-08-05 17:52:22,GUIDED,True,-7.9263399,112.5949917,152.2,0.0,0.0,TRACKING_BUOY,322.15092247109664,2.150922471096635
1785927143.119,2026-08-05 17:52:23,GUIDED,True,-7.926341,112.5949944,152.19,0.0,0.0,TRACKING_BUOY,308.73819185332246,-11.261808146677538
1785927143.264,2026-08-05 17:52:23,GUIDED,True,-7.9263421,112.5949958,152.2,0.0,0.0,TRACKING_BUOY,294.80364388999186,-25.19635611000814
1785927143.402,2026-08-05 17:52:23,GUIDED,True,-7.9263421,112.5949958,152.21,0.0,0.0,TRACKING_BUOY,281.9777329174939,-38.02226708250612
1785927143.543,2026-08-05 17:52:23,GUIDED,True,-7.9263413,112.5949973,152.19,0.0,0.0,TRACKING_BUOY,271.3582996881204,-48.64170031187962
1785927143.685,2026-08-05 17:52:23,GUIDED,True,-7.9263384,112.594997,152.17,0.0,0.0,TRACKING_BUOY,263.01872476609026,-56.98127523390974
1785927143.834,2026-08-05 17:52:23,GUIDED,True,-7.9263374,112.595004,152.16,0.0,0.0,TRACKING_BUOY,257.8890435745677,-62.11095642543228
1785927143.986,2026-08-05 17:52:23,GUIDED,True,-7.9263374,112.595004,152.17,0.0,0.0,TRACKING_BUOY,257.5417826809258,-62.45821731907421
1785927144.131,2026-08-05 17:52:24,GUIDED,True,-7.9263355,112.5950126,152.15,0.0,0.0,TRACKING_BUOY,260.65633701069436,-59.34366298930564
1785927144.271,2026-08-05 17:52:24,GUIDED,True,-7.9263325,112.5950164,152.16,0.0,0.0,TRACKING_BUOY,266.86725275802075,-53.132747241979246
1785927144.417,2026-08-05 17:52:24,GUIDED,True,-7.9263305,112.5950209,152.18,0.0,0.0,TRACKING_BUOY,275.7754395685156,-44.224560431484406
1785927144.576,2026-08-05 17:52:24,GUIDED,True,-7.9263305,112.5950209,152.17,0.0,0.0,TRACKING_BUOY,286.2065796763867,-33.793420323613304
1785927144.720,2026-08-05 17:52:24,GUIDED,True,-7.9263281,112.5950183,152.17,0.0,0.0,TRACKING_BUOY,298.65493475729,-21.345065242710007
1785927144.865,2026-08-05 17:52:24,GUIDED,True,-7.9263237,112.5950129,152.17,0.0,0.0,TRACKING_BUOY,309.9912010679675,-10.008798932032505
1785927145.005,2026-08-05 17:52:25,GUIDED,True,-7.9263237,112.5950129,152.17,0.0,0.0,TRACKING_BUOY,318.7434008009756,-1.2565991990243788
1785927145.152,2026-08-05 17:52:25,GUIDED,True,-7.9263184,112.5950076,152.16,0.0,0.0,TRACKING_BUOY,324.8075506007317,4.807550600731702
1785927145.297,2026-08-05 17:52:25,GUIDED,True,-7.9263137,112.5950055,152.19,0.0,0.0,TRACKING_BUOY,327.6056629505488,7.605662950548776
1785927145.442,2026-08-05 17:52:25,GUIDED,True,-7.9263075,112.5950062,152.19,0.0,0.0,TRACKING_BUOY,328.4542472129116,8.454247212911582
1785927145.585,2026-08-05 17:52:25,GUIDED,True,-7.9263075,112.5950062,152.19,0.0,0.0,TRACKING_BUOY,328.2156854096837,8.215685409683715
1785927145.729,2026-08-05 17:52:25,GUIDED,True,-7.9262995,112.5950079,152.21,0.0,0.0,TRACKING_BUOY,327.41176405726276,7.411764057262758
1785927145.875,2026-08-05 17:52:25,GUIDED,True,-7.9262922,112.5950042,152.21,0.0,0.0,TRACKING_BUOY,326.9338230429471,6.933823042947097
1785927146.019,2026-08-05 17:52:26,GUIDED,True,-7.926289,112.595,152.2,0.0,0.0,TRACKING_BUOY,326.8253672822103,6.825367282210323
1785927146.189,2026-08-05 17:52:26,GUIDED,True,-7.926289,112.595,152.2,0.0,0.0,TRACKING_BUOY,327.11902546165777,7.11902546165777
1785927146.346,2026-08-05 17:52:26,GUIDED,True,-7.9262876,112.5949979,152.22,0.0,0.0,TRACKING_BUOY,327.96426909624336,7.964269096243356
1785927146.485,2026-08-05 17:52:26,GUIDED,True,-7.9262871,112.594992,152.21,0.0,0.0,TRACKING_BUOY,328.97320182218255,8.973201822182546
1785927146.627,2026-08-05 17:52:26,GUIDED,True,-7.9262859,112.5949896,152.24,0.0,0.0,TRACKING_BUOY,325.2299013666369,5.229901366636909
1785927146.766,2026-08-05 17:52:26,GUIDED,True,-7.9262859,112.5949896,152.22,0.0,0.0,TRACKING_BUOY,318.42242602497765,-1.5775739750223465
1785927146.906,2026-08-05 17:52:26,GUIDED,True,-7.9262823,112.5949852,152.21,0.0,0.0,TRACKING_BUOY,309.44181951873327,-10.558180481266731
1785927147.045,2026-08-05 17:52:27,GUIDED,True,-7.9262795,112.5949771,152.19,0.0,0.0,TRACKING_BUOY,299.70636463905,-20.29363536095002
1785927147.217,2026-08-05 17:52:27,GUIDED,True,-7.9262764,112.5949721,152.21,0.0,0.0,TRACKING_BUOY,290.0297734792875,-29.970226520712515
1785927147.353,2026-08-05 17:52:27,GUIDED,True,-7.9262764,112.5949721,152.2,0.0,0.0,TRACKING_BUOY,281.8973301094656,-38.1026698905344
1785927147.494,2026-08-05 17:52:27,GUIDED,True,-7.9262739,112.5949684,152.21,0.0,0.0,TRACKING_BUOY,276.2979975820992,-43.702002417900815
1785927147.632,2026-08-05 17:52:27,GUIDED,True,-7.9262701,112.5949613,152.22,0.0,0.0,TRACKING_BUOY,273.2234981865744,-46.776501813425625
1785927147.771,2026-08-05 17:52:27,GUIDED,True,-7.9262701,112.5949613,152.22,0.0,0.0,TRACKING_BUOY,272.29262363993075,-47.70737636006925
1785927147.913,2026-08-05 17:52:27,GUIDED,True,-7.9262677,112.5949587,152.22,0.0,0.0,TRACKING_BUOY,273.34446772994806,-46.655532270051935
1785927148.057,2026-08-05 17:52:28,GUIDED,True,-7.9262658,112.594955,152.22,0.0,0.0,TRACKING_BUOY,276.00835079746105,-43.99164920253895
1785927148.222,2026-08-05 17:52:28,GUIDED,True,-7.9262639,112.5949501,152.24,0.0,0.0,TRACKING_BUOY,279.6312630980958,-40.368736901904185
1785927148.375,2026-08-05 17:52:28,GUIDED,True,-7.9262639,112.5949501,152.25,0.0,0.0,TRACKING_BUOY,284.09844732357186,-35.90155267642814
1785927148.516,2026-08-05 17:52:28,GUIDED,True,-7.926262,112.5949464,152.26,0.0,0.0,TRACKING_BUOY,288.8238354926789,-31.17616450732112
1785927148.655,2026-08-05 17:52:28,GUIDED,True,-7.926261,112.5949385,152.26,0.0,0.0,TRACKING_BUOY,293.49287661950916,-26.50712338049084
1785927148.794,2026-08-05 17:52:28,GUIDED,True,-7.926261,112.5949385,152.26,0.0,0.0,TRACKING_BUOY,297.74465746463187,-22.25534253536813
1785927148.944,2026-08-05 17:52:28,GUIDED,True,-7.9262606,112.5949323,152.25,0.0,0.0,TRACKING_BUOY,301.8084930984739,-18.19150690152611
1785927149.088,2026-08-05 17:52:29,GUIDED,True,-7.9262606,112.5949258,152.26,0.0,0.0,TRACKING_BUOY,305.8563698238554,-14.143630176144597
1785927149.231,2026-08-05 17:52:29,GUIDED,True,-7.9262604,112.5949214,152.26,0.0,0.0,TRACKING_BUOY,309.26727736789155,-10.732722632108448
1785927149.369,2026-08-05 17:52:29,GUIDED,True,-7.9262604,112.5949214,152.26,0.0,0.0,TRACKING_BUOY,312.3254580259187,-7.674541974081308
1785927149.511,2026-08-05 17:52:29,GUIDED,True,-7.926259,112.5949175,152.25,0.0,0.0,TRACKING_BUOY,315.24409351943905,-4.755906480560952
1785927149.650,2026-08-05 17:52:29,GUIDED,True,-7.9262587,112.5949125,152.25,0.0,0.0,TRACKING_BUOY,318.4330701395793,-1.5669298604207142
1785927149.794,2026-08-05 17:52:29,GUIDED,True,-7.9262587,112.5949125,152.25,0.0,0.0,TRACKING_BUOY,321.82480260468446,1.8248026046844643
1785927149.933,2026-08-05 17:52:29,GUIDED,True,-7.9262591,112.5949082,152.24,0.0,0.0,TRACKING_BUOY,325.49360195351335,5.493601953513348
1785927150.076,2026-08-05 17:52:30,GUIDED,True,-7.9262584,112.5949034,152.25,0.0,0.0,TRACKING_BUOY,329.370201465135,9.370201465134983
1785927150.217,2026-08-05 17:52:30,GUIDED,True,-7.9262589,112.5948984,152.23,0.0,0.0,TRACKING_BUOY,332.65265109885127,12.652651098851265
1785927150.359,2026-08-05 17:52:30,GUIDED,True,-7.9262589,112.5948984,152.24,0.0,0.0,TRACKING_BUOY,334.98948832413845,14.98948832413845
1785927150.498,2026-08-05 17:52:30,GUIDED,True,-7.9262587,112.594896,152.23,0.0,0.0,TRACKING_BUOY,337.24211624310385,17.24211624310385
1785927150.636,2026-08-05 17:52:30,GUIDED,True,-7.9262602,112.5948955,152.24,0.0,0.0,TRACKING_BUOY,338.9315871823279,18.931587182327917
1785927150.786,2026-08-05 17:52:30,GUIDED,True,-7.9262602,112.5948955,152.23,0.0,0.0,TRACKING_BUOY,340.07369038674597,20.073690386745966
1785927150.930,2026-08-05 17:52:30,GUIDED,True,-7.9262613,112.594893,152.23,0.0,0.0,TRACKING_BUOY,340.1802677900595,20.180267790059474
1785927151.074,2026-08-05 17:52:31,GUIDED,True,-7.9262625,112.5948922,152.24,0.0,0.0,TRACKING_BUOY,336.2602008425446,16.260200842544577
1785927151.240,2026-08-05 17:52:31,GUIDED,True,-7.9262628,112.5948893,152.24,0.0,0.0,TRACKING_BUOY,327.1951506319084,7.195150631908405
1785927151.380,2026-08-05 17:52:31,GUIDED,True,-7.9262628,112.5948893,152.24,0.0,0.0,TRACKING_BUOY,313.14636297393133,-6.853637026068668
1785927151.522,2026-08-05 17:52:31,GUIDED,True,-7.9262614,112.5948836,152.24,0.0,0.0,TRACKING_BUOY,299.48477223044847,-20.51522776955153
1785927151.660,2026-08-05 17:52:31,GUIDED,True,-7.9262589,112.5948769,152.23,0.0,0.0,TRACKING_BUOY,287.36357917283635,-32.63642082716365
1785927151.800,2026-08-05 17:52:31,GUIDED,True,-7.9262589,112.5948769,152.22,0.0,0.0,TRACKING_BUOY,277.64768437962726,-42.352315620372735
1785927151.944,2026-08-05 17:52:31,GUIDED,True,-7.9262564,112.594873,152.24,0.0,0.0,TRACKING_BUOY,270.36076328472046,-49.63923671527954
1785927152.085,2026-08-05 17:52:32,GUIDED,True,-7.9262551,112.5948716,152.23,0.0,0.0,TRACKING_BUOY,265.77057246354036,-54.22942753645964
1785927152.230,2026-08-05 17:52:32,GUIDED,True,-7.9262531,112.5948715,152.25,0.0,0.0,TRACKING_BUOY,262.8279293476553,-57.1720706523447
1785927152.370,2026-08-05 17:52:32,GUIDED,True,-7.9262531,112.5948715,152.25,0.0,0.0,TRACKING_BUOY,260.8709470107415,-59.129052989258525
1785927152.513,2026-08-05 17:52:32,GUIDED,True,-7.9262518,112.5948669,152.25,0.0,0.0,TRACKING_BUOY,259.9032102580561,-60.096789741943894
1785927152.656,2026-08-05 17:52:32,GUIDED,True,-7.9262513,112.5948607,152.26,0.0,0.0,TRACKING_BUOY,259.4274076935421,-60.57259230645792
1785927152.796,2026-08-05 17:52:32,GUIDED,True,-7.9262513,112.5948607,152.26,0.0,0.0,TRACKING_BUOY,259.32055577015655,-60.679444229843455
1785927152.953,2026-08-05 17:52:32,GUIDED,True,-7.9262518,112.5948573,152.25,0.0,0.0,TRACKING_BUOY,259.3654168276174,-60.63458317238258
1785927153.099,2026-08-05 17:52:33,GUIDED,True,-7.9262527,112.5948532,152.25,0.0,0.0,TRACKING_BUOY,259.52406262071304,-60.47593737928696
1785927153.240,2026-08-05 17:52:33,GUIDED,True,-7.9262538,112.5948457,152.26,0.0,0.0,TRACKING_BUOY,259.1430469655348,-60.85695303446522
1785927153.379,2026-08-05 17:52:33,GUIDED,True,-7.9262538,112.5948457,152.27,0.0,0.0,TRACKING_BUOY,258.8572852241511,-61.1427147758489
1785927153.522,2026-08-05 17:52:33,GUIDED,True,-7.926255,112.5948409,152.28,0.0,0.0,TRACKING_BUOY,258.5179639181133,-61.48203608188669
1785927153.664,2026-08-05 17:52:33,GUIDED,True,-7.9262559,112.5948424,152.28,0.0,0.0,TRACKING_BUOY,257.763472938585,-62.23652706141502
1785927153.803,2026-08-05 17:52:33,GUIDED,True,-7.9262576,112.5948402,152.28,0.0,0.0,TRACKING_BUOY,256.94760470393874,-63.05239529606126
1785927153.948,2026-08-05 17:52:33,GUIDED,True,-7.9262576,112.5948402,152.28,0.0,0.0,TRACKING_BUOY,256.210703527954,-63.789296472045976
1785927154.089,2026-08-05 17:52:34,GUIDED,True,-7.926259,112.5948407,152.3,0.0,0.0,TRACKING_BUOY,258.0330276459655,-61.96697235403451
1785927154.232,2026-08-05 17:52:34,GUIDED,True,-7.9262595,112.5948379,152.31,0.0,0.0,TRACKING_BUOY,261.27477073447415,-58.725229265525854
1785927154.376,2026-08-05 17:52:34,GUIDED,True,-7.9262595,112.5948379,152.32,0.0,0.0,TRACKING_BUOY,265.4560780508556,-54.54392194914442
1785927154.517,2026-08-05 17:52:34,GUIDED,True,-7.9262593,112.5948381,152.32,0.0,0.0,TRACKING_BUOY,270.8420585381417,-49.157941461858286
1785927154.660,2026-08-05 17:52:34,GUIDED,True,-7.92626,112.5948344,152.32,0.0,0.0,TRACKING_BUOY,277.13154390360626,-42.86845609639374
1785927154.803,2026-08-05 17:52:34,GUIDED,True,-7.92626,112.5948344,152.31,0.0,0.0,TRACKING_BUOY,283.8486579277047,-36.15134207229528
1785927154.944,2026-08-05 17:52:34,GUIDED,True,-7.9262622,112.5948287,152.33,0.0,0.0,TRACKING_BUOY,290.51149344577857,-29.48850655422143
1785927155.087,2026-08-05 17:52:35,GUIDED,True,-7.9262634,112.5948267,152.34,0.0,0.0,TRACKING_BUOY,297.3836200843339,-22.616379915666073
1785927155.232,2026-08-05 17:52:35,GUIDED,True,-7.926264,112.5948273,152.34,0.0,0.0,TRACKING_BUOY,303.91271506325046,-16.08728493674954
1785927155.378,2026-08-05 17:52:35,GUIDED,True,-7.926264,112.5948273,152.35,0.0,0.0,TRACKING_BUOY,309.55953629743783,-10.44046370256217
1785927155.517,2026-08-05 17:52:35,GUIDED,True,-7.9262642,112.59483,152.36,0.0,0.0,TRACKING_BUOY,315.0446522230784,-4.955347776921599
1785927155.661,2026-08-05 17:52:35,GUIDED,True,-7.9262621,112.59483,152.36,0.0,0.0,TRACKING_BUOY,319.5334891673088,-0.4665108326911991
1785927155.802,2026-08-05 17:52:35,GUIDED,True,-7.9262621,112.59483,152.38,0.0,0.0,TRACKING_BUOY,323.0251168754816,3.025116875481615
1785927155.944,2026-08-05 17:52:35,GUIDED,True,-7.9262618,112.5948325,152.38,0.0,0.0,TRACKING_BUOY,326.0188376566112,6.018837656611197
1785927156.082,2026-08-05 17:52:36,GUIDED,True,-7.926263,112.5948293,152.37,0.0,0.0,TRACKING_BUOY,329.0141282424584,9.014128242458412
1785927156.224,2026-08-05 17:52:36,GUIDED,True,-7.9262626,112.5948241,152.37,0.0,0.0,TRACKING_BUOY,331.8855961818438,11.885596181843823
1785927156.398,2026-08-05 17:52:36,GUIDED,True,-7.9262626,112.5948241,152.37,0.0,0.0,TRACKING_BUOY,333.9141971363829,13.914197136382882
1785927156.543,2026-08-05 17:52:36,GUIDED,True,-7.9262626,112.5948231,152.39,0.0,0.0,TRACKING_BUOY,335.06064785228716,15.060647852287161
1785927156.687,2026-08-05 17:52:36,GUIDED,True,-7.9262632,112.5948243,152.39,0.0,0.0,TRACKING_BUOY,334.79548588921534,14.795485889215342
1785927156.835,2026-08-05 17:52:36,GUIDED,True,-7.9262639,112.5948236,152.39,0.0,0.0,TRACKING_BUOY,330.2216144169115,10.221614416911507
1785927156.985,2026-08-05 17:52:36,GUIDED,True,-7.9262639,112.5948236,152.4,0.0,0.0,TRACKING_BUOY,321.54121081268363,1.5412108126836301
1785927157.150,2026-08-05 17:52:37,GUIDED,True,-7.9262643,112.5948249,152.41,0.0,0.0,TRACKING_BUOY,311.2809081095127,-8.719091890487277
1785927157.289,2026-08-05 17:52:37,GUIDED,True,-7.9262653,112.5948283,152.41,0.0,0.0,TRACKING_BUOY,299.46068108213456,-20.539318917865444
1785927157.429,2026-08-05 17:52:37,GUIDED,True,-7.9262653,112.5948288,152.4,0.0,0.0,TRACKING_BUOY,288.2205108116009,-31.77948918839911
1785927157.572,2026-08-05 17:52:37,GUIDED,True,-7.9262653,112.5948288,152.4,0.0,0.0,TRACKING_BUOY,278.79038310870067,-41.20961689129933
1785927157.744,2026-08-05 17:52:37,GUIDED,True,-7.9262675,112.5948295,152.41,0.0,0.0,TRACKING_BUOY,271.2177873315255,-48.78221266847447
1785927157.916,2026-08-05 17:52:37,GUIDED,True,-7.9262676,112.5948318,152.42,0.0,0.0,TRACKING_BUOY,266.5383404986442,-53.461659501355825
1785927158.088,2026-08-05 17:52:38,GUIDED,True,-7.9262653,112.5948268,152.41,0.0,0.0,TRACKING_BUOY,263.90375537398313,-56.09624462601687
1785927158.324,2026-08-05 17:52:38,GUIDED,True,-7.9262623,112.5948166,152.44,0.0,0.0,TRACKING_BUOY,260.80281653048735,-59.19718346951265
1785927158.463,2026-08-05 17:52:38,GUIDED,True,-7.9262595,112.5948123,152.43,0.0,0.0,TRACKING_BUOY,,
1785927158.605,2026-08-05 17:52:38,GUIDED,True,-7.9262585,112.5948165,152.44,0.0,0.0,TRACKING_BUOY,,
1785927158.747,2026-08-05 17:52:38,GUIDED,True,-7.9262585,112.5948165,152.44,0.0,0.0,TRACKING_BUOY,,
1785927158.883,2026-08-05 17:52:38,GUIDED,True,-7.9262591,112.5948243,152.43,0.0,0.0,TRACKING_BUOY,,
1785927159.028,2026-08-05 17:52:39,GUIDED,True,-7.9262606,112.5948241,152.42,0.0,0.0,TRACKING_BUOY,,
1785927159.169,2026-08-05 17:52:39,GUIDED,True,-7.9262606,112.5948241,152.41,0.0,0.0,TRACKING_BUOY,,
1785927159.306,2026-08-05 17:52:39,GUIDED,True,-7.9262622,112.5948231,152.42,0.0,0.0,TRACKING_BUOY,,
1785927159.446,2026-08-05 17:52:39,GUIDED,True,-7.9262628,112.5948188,152.41,0.0,0.0,TRACKING_BUOY,,
1785927159.589,2026-08-05 17:52:39,GUIDED,True,-7.9262628,112.5948188,152.4,0.0,0.0,TRACKING_BUOY,,
1785927159.730,2026-08-05 17:52:39,GUIDED,True,-7.9262634,112.59482,152.39,0.0,0.0,TRACKING_BUOY,,
1785927159.866,2026-08-05 17:52:39,GUIDED,True,-7.9262596,112.5948177,152.39,0.0,0.0,TRACKING_BUOY,,
1785927160.004,2026-08-05 17:52:40,GUIDED,True,-7.9262596,112.5948177,152.39,0.0,0.0,TRACKING_BUOY,,
1785927160.153,2026-08-05 17:52:40,GUIDED,True,-7.9262549,112.5948138,152.38,0.0,0.0,TRACKING_BUOY,,
1785927160.298,2026-08-05 17:52:40,GUIDED,True,-7.9262531,112.594814,152.37,0.0,0.0,TRACKING_BUOY,,
1785927160.435,2026-08-05 17:52:40,GUIDED,True,-7.9262529,112.5948197,152.37,0.0,0.0,TRACKING_BUOY,,
1785927160.571,2026-08-05 17:52:40,GUIDED,True,-7.9262529,112.5948197,152.37,0.0,0.0,TRACKING_BUOY,,
1785927160.714,2026-08-05 17:52:40,GUIDED,True,-7.9262507,112.5948256,152.35,0.0,0.0,TRACKING_BUOY,,
1785927160.852,2026-08-05 17:52:40,GUIDED,True,-7.9262509,112.5948261,152.35,0.0,0.0,TRACKING_BUOY,,
1785927160.989,2026-08-05 17:52:40,GUIDED,True,-7.9262496,112.5948214,152.35,0.0,0.0,TRACKING_BUOY,,
1785927161.131,2026-08-05 17:52:41,GUIDED,True,-7.9262496,112.5948214,152.35,0.0,0.0,TRACKING_BUOY,,
1785927161.271,2026-08-05 17:52:41,GUIDED,True,-7.9262503,112.594827,152.35,0.0,0.0,TRACKING_BUOY,,
1785927161.430,2026-08-05 17:52:41,GUIDED,True,-7.9262483,112.5948314,152.33,0.0,0.0,TRACKING_BUOY,468.0,148.0
1785927161.569,2026-08-05 17:52:41,GUIDED,True,-7.9262483,112.5948314,152.32,0.0,0.0,TRACKING_BUOY,,
1785927161.715,2026-08-05 17:52:41,GUIDED,True,-7.9262433,112.5948304,152.31,0.0,0.0,TRACKING_BUOY,,
1785927161.861,2026-08-05 17:52:41,GUIDED,True,-7.9262407,112.5948288,152.32,0.0,0.0,TRACKING_BUOY,,
1785927162.001,2026-08-05 17:52:42,GUIDED,True,-7.9262407,112.5948288,152.32,0.0,0.0,TRACKING_BUOY,,
1785927162.157,2026-08-05 17:52:42,GUIDED,True,-7.9262392,112.5948228,152.31,0.0,0.0,TRACKING_BUOY,,
1785927162.295,2026-08-05 17:52:42,GUIDED,True,-7.9262392,112.5948232,152.3,0.0,0.0,TRACKING_BUOY,,
1785927162.445,2026-08-05 17:52:42,GUIDED,True,-7.9262385,112.5948211,152.31,0.0,0.0,TRACKING_BUOY,,
1785927162.615,2026-08-05 17:52:42,GUIDED,True,-7.9262356,112.5948124,152.3,0.0,0.0,IDLE,,
1785927162.761,2026-08-05 17:52:42,GUIDED,True,-7.9262356,112.5948124,152.29,0.0,0.0,IDLE,,
1785927162.900,2026-08-05 17:52:42,GUIDED,True,-7.9262331,112.5948131,152.29,0.0,0.0,IDLE,,
1785927163.046,2026-08-05 17:52:43,GUIDED,True,-7.9262313,112.5948161,152.27,0.0,0.0,IDLE,,
1785927163.205,2026-08-05 17:52:43,GUIDED,True,-7.92623,112.5948187,152.27,0.0,0.0,IDLE,,
1785927163.358,2026-08-05 17:52:43,GUIDED,True,-7.92623,112.5948187,152.27,0.0,0.0,IDLE,,
1785927163.499,2026-08-05 17:52:43,GUIDED,True,-7.9262291,112.5948166,152.28,0.0,0.0,IDLE,,
1785927163.649,2026-08-05 17:52:43,GUIDED,True,-7.9262287,112.5948119,152.28,0.0,0.0,IDLE,,
1785927163.795,2026-08-05 17:52:43,GUIDED,True,-7.9262287,112.5948119,152.27,0.0,0.0,IDLE,,
1785927163.939,2026-08-05 17:52:43,GUIDED,True,-7.9262276,112.5948215,152.27,0.0,0.0,IDLE,,
1785927164.087,2026-08-05 17:52:44,GUIDED,True,-7.926227,112.5948276,152.28,0.0,0.0,IDLE,,
1785927164.248,2026-08-05 17:52:44,GUIDED,True,-7.9262262,112.5948315,152.28,0.0,0.0,IDLE,,
1785927164.397,2026-08-05 17:52:44,GUIDED,True,-7.9262262,112.5948315,152.28,0.0,0.0,IDLE,,
1785927164.545,2026-08-05 17:52:44,GUIDED,True,-7.9262263,112.5948379,152.29,0.0,0.0,IDLE,,
1785927164.684,2026-08-05 17:52:44,GUIDED,True,-7.9262242,112.5948406,152.28,0.0,0.0,IDLE,,
1785927164.826,2026-08-05 17:52:44,GUIDED,True,-7.926222,112.5948392,152.3,0.0,0.0,IDLE,,
1785927164.963,2026-08-05 17:52:44,GUIDED,True,-7.926222,112.5948392,152.31,0.0,0.0,IDLE,,
1785927165.103,2026-08-05 17:52:45,GUIDED,True,-7.9262214,112.5948365,152.31,0.0,0.0,IDLE,,
1785927165.257,2026-08-05 17:52:45,GUIDED,True,-7.9262207,112.5948371,152.32,0.0,0.0,IDLE,,
1785927165.398,2026-08-05 17:52:45,GUIDED,True,-7.9262197,112.5948339,152.32,0.0,0.0,IDLE,,
1785927165.539,2026-08-05 17:52:45,GUIDED,True,-7.9262197,112.5948339,152.31,0.0,0.0,IDLE,,
1785927165.678,2026-08-05 17:52:45,GUIDED,True,-7.9262207,112.5948403,152.3,0.0,0.0,IDLE,,
1785927165.824,2026-08-05 17:52:45,GUIDED,False,-7.9262204,112.5948478,152.31,0.0,0.0,IDLE,,
1785927165.989,2026-08-05 17:52:45,GUIDED,False,-7.9262204,112.5948478,152.32,0.0,0.0,IDLE,,
1785927166.147,2026-08-05 17:52:46,GUIDED,False,-7.9262189,112.5948483,152.31,0.0,0.0,IDLE,,
1785927166.287,2026-08-05 17:52:46,GUIDED,False,-7.9262165,112.5948527,152.32,0.0,0.0,IDLE,,
1785927166.453,2026-08-05 17:52:46,GUIDED,False,-7.9262137,112.5948606,152.31,0.0,0.0,IDLE,,
1785927166.593,2026-08-05 17:52:46,GUIDED,False,-7.926213,112.5948676,152.31,0.0,0.0,IDLE,,
1785927166.734,2026-08-05 17:52:46,GUIDED,False,-7.926213,112.5948676,152.31,0.0,0.0,IDLE,,
1785927166.871,2026-08-05 17:52:46,GUIDED,False,-7.9262139,112.5948739,152.31,0.0,0.0,IDLE,,
1785927167.014,2026-08-05 17:52:47,GUIDED,False,-7.9262137,112.5948715,152.3,0.0,0.0,IDLE,,
1785927167.167,2026-08-05 17:52:47,GUIDED,False,-7.9262137,112.5948715,152.3,0.0,0.0,IDLE,,
1785927167.310,2026-08-05 17:52:47,GUIDED,False,-7.9262123,112.5948769,152.3,0.0,0.0,IDLE,,
1785927167.456,2026-08-05 17:52:47,GUIDED,False,-7.9262121,112.5948897,152.29,0.0,0.0,IDLE,,
1785927167.597,2026-08-05 17:52:47,GUIDED,False,-7.9262121,112.5948897,152.3,0.0,0.0,IDLE,,
1785927167.752,2026-08-05 17:52:47,GUIDED,False,-7.9262112,112.594892,152.3,0.0,0.0,IDLE,,
1785927167.901,2026-08-05 17:52:47,GUIDED,False,-7.9262099,112.5948865,152.29,0.0,0.0,IDLE,,
1785927168.057,2026-08-05 17:52:48,GUIDED,False,-7.9262099,112.5948891,152.27,0.0,0.0,IDLE,,
1785927168.221,2026-08-05 17:52:48,GUIDED,False,-7.9262096,112.5948847,152.27,0.0,0.0,IDLE,,
1785927168.401,2026-08-05 17:52:48,GUIDED,False,-7.9262096,112.5948847,152.27,0.0,0.0,IDLE,,
1785927168.682,2026-08-05 17:52:48,GUIDED,False,-7.9262092,112.594893,152.26,0.0,0.0,IDLE,501.0,181.0
1785927168.921,2026-08-05 17:52:48,GUIDED,False,-7.9262082,112.594896,152.27,0.0,0.0,IDLE,,
1785927169.081,2026-08-05 17:52:49,GUIDED,False,-7.9262101,112.5949032,152.27,0.0,0.0,IDLE,,
1785927169.236,2026-08-05 17:52:49,GUIDED,False,-7.9262103,112.594913,152.27,0.0,0.0,IDLE,,
1785927169.401,2026-08-05 17:52:49,GUIDED,False,-7.9262103,112.594913,152.27,0.0,0.0,IDLE,,
1785927169.540,2026-08-05 17:52:49,GUIDED,False,-7.9262112,112.5949175,152.25,0.0,0.0,IDLE,,
1785927169.684,2026-08-05 17:52:49,GUIDED,False,-7.9262105,112.5949241,152.26,0.0,0.0,IDLE,,
1785927169.835,2026-08-05 17:52:49,GUIDED,False,-7.9262089,112.5949269,152.27,0.0,0.0,IDLE,,
1785927169.990,2026-08-05 17:52:49,GUIDED,False,-7.9262076,112.5949266,152.25,0.0,0.0,IDLE,,
1785927170.143,2026-08-05 17:52:50,GUIDED,False,-7.9262076,112.5949266,152.25,0.0,0.0,IDLE,,
1785927170.282,2026-08-05 17:52:50,GUIDED,False,-7.9262075,112.5949323,152.25,0.0,0.0,IDLE,,
1785927170.428,2026-08-05 17:52:50,GUIDED,False,-7.9262076,112.5949367,152.22,0.0,0.0,IDLE,,
1785927170.579,2026-08-05 17:52:50,GUIDED,False,-7.9262076,112.5949367,152.21,0.0,0.0,IDLE,,
1785927170.718,2026-08-05 17:52:50,GUIDED,False,-7.9262079,112.5949405,152.22,0.0,0.0,IDLE,,
1785927170.860,2026-08-05 17:52:50,GUIDED,False,-7.926207,112.5949393,152.22,0.0,0.0,IDLE,,
1785927171.000,2026-08-05 17:52:51,GUIDED,False,-7.926207,112.5949393,152.22,0.0,0.0,IDLE,,
1785927171.145,2026-08-05 17:52:51,GUIDED,False,-7.9262058,112.5949392,152.2,0.0,0.0,IDLE,,
1785927171.286,2026-08-05 17:52:51,GUIDED,False,-7.9262042,112.5949402,152.19,0.0,0.0,IDLE,,
1785927171.421,2026-08-05 17:52:51,GUIDED,False,-7.9262014,112.5949382,152.2,0.0,0.0,IDLE,,
1785927171.582,2026-08-05 17:52:51,GUIDED,False,-7.9262014,112.5949382,152.19,0.0,0.0,IDLE,,
1785927171.735,2026-08-05 17:52:51,GUIDED,False,-7.9261988,112.5949402,152.2,0.0,0.0,IDLE,,
1785927171.873,2026-08-05 17:52:51,GUIDED,False,-7.9261957,112.5949406,152.19,0.0,0.0,IDLE,,
1785927172.011,2026-08-05 17:52:52,GUIDED,False,-7.9261957,112.5949406,152.19,0.0,0.0,IDLE,,
1785927172.158,2026-08-05 17:52:52,GUIDED,False,-7.9261939,112.5949394,152.19,0.0,0.0,IDLE,,
1785927172.298,2026-08-05 17:52:52,GUIDED,False,-7.9261914,112.5949401,152.21,0.0,0.0,IDLE,,
1785927172.439,2026-08-05 17:52:52,GUIDED,False,-7.9261878,112.5949502,152.19,0.0,0.0,IDLE,,
1785927172.579,2026-08-05 17:52:52,GUIDED,False,-7.9261878,112.5949502,152.19,0.0,0.0,IDLE,,
1785927172.713,2026-08-05 17:52:52,GUIDED,False,-7.9261864,112.5949529,152.19,0.0,0.0,IDLE,,
1785927172.849,2026-08-05 17:52:52,GUIDED,False,-7.9261854,112.594952,152.2,0.0,0.0,IDLE,,
1785927172.986,2026-08-05 17:52:52,GUIDED,False,-7.926184,112.5949508,152.2,0.0,0.0,IDLE,,
1785927173.131,2026-08-05 17:52:53,GUIDED,False,-7.926184,112.5949508,152.2,0.0,0.0,IDLE,,
1785927173.267,2026-08-05 17:52:53,GUIDED,False,-7.926182,112.5949534,152.21,0.0,0.0,IDLE,,
1785927173.400,2026-08-05 17:52:53,GUIDED,False,-7.926182,112.5949534,152.21,0.0,0.0,IDLE,,
1785927173.608,2026-08-05 17:52:53,GUIDED,False,-7.9261792,112.5949681,152.18,0.0,0.0,IDLE,,
1785927173.765,2026-08-05 17:52:53,GUIDED,False,-7.9261792,112.5949681,152.18,0.0,0.0,IDLE,,
1785927173.943,2026-08-05 17:52:53,GUIDED,False,-7.9261803,112.5949677,152.16,0.0,0.0,IDLE,,
1785927174.072,2026-08-05 17:52:54,GUIDED,False,-7.9261821,112.5949674,152.17,0.0,0.0,IDLE,,
1785927174.213,2026-08-05 17:52:54,GUIDED,False,-7.9261828,112.5949695,152.18,0.0,0.0,IDLE,,
1785927174.357,2026-08-05 17:52:54,GUIDED,False,-7.9261828,112.5949695,152.17,0.0,0.0,IDLE,,
1785927174.500,2026-08-05 17:52:54,GUIDED,False,-7.9261829,112.5949716,152.18,0.0,0.0,IDLE,,
1785927174.644,2026-08-05 17:52:54,GUIDED,False,-7.9261824,112.5949776,152.18,0.0,0.0,IDLE,,
1785927174.779,2026-08-05 17:52:54,GUIDED,False,-7.9261824,112.5949776,152.18,0.0,0.0,IDLE,,
1785927174.921,2026-08-05 17:52:54,GUIDED,False,-7.9261821,112.5949778,152.19,0.0,0.0,IDLE,,
1785927175.057,2026-08-05 17:52:55,GUIDED,False,-7.9261842,112.5949875,152.18,0.0,0.0,IDLE,479.0,159.0
1785927175.192,2026-08-05 17:52:55,GUIDED,False,-7.9261842,112.5949875,152.18,0.0,0.0,IDLE,,
1785927175.353,2026-08-05 17:52:55,GUIDED,False,-7.9261849,112.594998,152.18,0.0,0.0,IDLE,,
1785927175.599,2026-08-05 17:52:55,GUIDED,False,-7.926184,112.595004,152.17,0.0,0.0,IDLE,,
1785927176.075,2026-08-05 17:52:56,GUIDED,False,-7.9261824,112.5950181,152.15,0.0,0.0,IDLE,,
1785927176.354,2026-08-05 17:52:56,GUIDED,False,-7.9261812,112.5950201,152.16,0.0,0.0,IDLE,,
1785927176.509,2026-08-05 17:52:56,GUIDED,False,-7.9261802,112.5950246,152.15,0.0,0.0,IDLE,,
1785927176.723,2026-08-05 17:52:56,GUIDED,False,-7.9261781,112.5950246,152.14,0.0,0.0,IDLE,,
1785927176.906,2026-08-05 17:52:56,GUIDED,False,-7.9261761,112.5950241,152.16,0.0,0.0,IDLE,,
1785927177.064,2026-08-05 17:52:57,GUIDED,False,-7.9261762,112.5950279,152.15,0.0,0.0,IDLE,,
1785927177.232,2026-08-05 17:52:57,GUIDED,False,-7.9261752,112.5950345,152.15,0.0,0.0,IDLE,,
1785927177.381,2026-08-05 17:52:57,GUIDED,False,-7.9261752,112.5950345,152.14,0.0,0.0,IDLE,,
1785927177.519,2026-08-05 17:52:57,GUIDED,False,-7.9261739,112.5950393,152.11,0.0,0.0,IDLE,,
1785927177.664,2026-08-05 17:52:57,GUIDED,False,-7.9261734,112.5950422,152.09,0.0,0.0,IDLE,,
1785927177.802,2026-08-05 17:52:57,GUIDED,False,-7.9261727,112.5950421,152.07,0.0,0.0,IDLE,,
1785927177.938,2026-08-05 17:52:57,GUIDED,False,-7.9261727,112.5950421,152.07,0.0,0.0,IDLE,,
1785927178.079,2026-08-05 17:52:58,GUIDED,False,-7.9261714,112.5950355,152.06,0.0,0.0,IDLE,,
1785927178.228,2026-08-05 17:52:58,GUIDED,False,-7.9261698,112.5950299,152.06,0.0,0.0,IDLE,,
1785927178.485,2026-08-05 17:52:58,GUIDED,False,-7.9261721,112.5950279,152.04,0.0,0.0,IDLE,,
1785927178.662,2026-08-05 17:52:58,GUIDED,False,-7.9261722,112.5950264,152.05,0.0,0.0,IDLE,,
1785927178.837,2026-08-05 17:52:58,GUIDED,False,-7.9261716,112.5950217,152.04,0.0,0.0,IDLE,,
1785927178.992,2026-08-05 17:52:58,GUIDED,False,-7.9261699,112.5950212,152.04,0.0,0.0,IDLE,,
1785927179.190,2026-08-05 17:52:59,GUIDED,False,-7.9261699,112.5950212,152.03,0.0,0.0,IDLE,,
1785927179.341,2026-08-05 17:52:59,GUIDED,False,-7.9261682,112.5950218,152.03,0.0,0.0,IDLE,,
1785927179.485,2026-08-05 17:52:59,GUIDED,False,-7.9261661,112.5950254,152.04,0.0,0.0,IDLE,,
1785927179.653,2026-08-05 17:52:59,GUIDED,False,-7.9261652,112.5950318,152.03,0.0,0.0,IDLE,,
1785927179.787,2026-08-05 17:52:59,GUIDED,False,-7.9261652,112.5950318,152.03,0.0,0.0,IDLE,,
1785927179.928,2026-08-05 17:52:59,GUIDED,False,-7.9261651,112.5950356,152.05,0.0,0.0,IDLE,,
1785927180.102,2026-08-05 17:53:00,GUIDED,False,-7.9261662,112.5950361,152.06,0.0,0.0,IDLE,,
1785927180.245,2026-08-05 17:53:00,GUIDED,False,-7.9261675,112.5950403,152.05,0.0,0.0,IDLE,,
1785927180.376,2026-08-05 17:53:00,GUIDED,False,-7.9261681,112.595041,152.05,0.0,0.0,IDLE,,
1785927180.517,2026-08-05 17:53:00,GUIDED,False,-7.9261677,112.5950385,152.04,0.0,0.0,IDLE,,
1785927180.660,2026-08-05 17:53:00,GUIDED,False,-7.9261677,112.5950385,152.03,0.0,0.0,IDLE,,
1785927180.796,2026-08-05 17:53:00,GUIDED,False,-7.9261668,112.59504,152.03,0.0,0.0,IDLE,,
1785927180.930,2026-08-05 17:53:00,GUIDED,False,-7.9261662,112.5950437,152.05,0.0,0.0,IDLE,,
1785927181.072,2026-08-05 17:53:01,GUIDED,False,-7.9261662,112.5950437,152.05,0.0,0.0,IDLE,,
1785927181.210,2026-08-05 17:53:01,GUIDED,False,-7.9261667,112.5950436,152.05,0.0,0.0,IDLE,,
1785927181.352,2026-08-05 17:53:01,GUIDED,False,-7.9261676,112.5950429,152.05,0.0,0.0,IDLE,,
1785927181.487,2026-08-05 17:53:01,GUIDED,False,-7.9261676,112.5950429,152.04,0.0,0.0,IDLE,,
1785927181.625,2026-08-05 17:53:01,GUIDED,False,-7.9261683,112.5950481,152.06,0.0,0.0,IDLE,,
1785927181.774,2026-08-05 17:53:01,GUIDED,False,-7.9261689,112.5950525,152.05,0.0,0.0,IDLE,,
1785927181.909,2026-08-05 17:53:01,GUIDED,False,-7.9261694,112.5950516,152.05,0.0,0.0,IDLE,,
1785927182.040,2026-08-05 17:53:02,GUIDED,False,-7.9261694,112.5950516,152.07,0.0,0.0,IDLE,,
1785927182.183,2026-08-05 17:53:02,GUIDED,False,-7.9261694,112.5950516,152.06,0.0,0.0,IDLE,,
1785927182.316,2026-08-05 17:53:02,GUIDED,False,-7.92617,112.5950498,152.06,0.0,0.0,IDLE,,
1785927182.447,2026-08-05 17:53:02,GUIDED,False,-7.92617,112.5950498,152.06,0.0,0.0,IDLE,,
1785927182.582,2026-08-05 17:53:02,GUIDED,False,-7.9261714,112.5950549,152.06,0.0,0.0,IDLE,,
1785927182.719,2026-08-05 17:53:02,GUIDED,False,-7.9261718,112.5950566,152.05,0.0,0.0,IDLE,,
1785927182.850,2026-08-05 17:53:02,GUIDED,False,-7.9261718,112.5950566,152.05,0.0,0.0,IDLE,,
1785927182.985,2026-08-05 17:53:02,GUIDED,False,-7.9261729,112.5950572,152.06,0.0,0.0,IDLE,,
1785927183.117,2026-08-05 17:53:03,GUIDED,False,-7.9261729,112.5950572,152.07,0.0,0.0,IDLE,,
1785927183.246,2026-08-05 17:53:03,GUIDED,False,-7.9261746,112.5950564,152.09,0.0,0.0,IDLE,,
1785927183.372,2026-08-05 17:53:03,GUIDED,False,-7.9261735,112.5950578,152.08,0.0,0.0,IDLE,,
1785927183.514,2026-08-05 17:53:03,GUIDED,False,-7.9261706,112.5950569,152.07,0.0,0.0,IDLE,,
1785927183.651,2026-08-05 17:53:03,GUIDED,False,-7.9261706,112.5950569,152.06,0.0,0.0,IDLE,,
1785927183.795,2026-08-05 17:53:03,GUIDED,False,-7.926168,112.5950549,152.05,0.0,0.0,IDLE,,
1785927183.925,2026-08-05 17:53:03,GUIDED,False,-7.9261675,112.5950573,152.02,0.0,0.0,IDLE,,
1785927184.067,2026-08-05 17:53:04,GUIDED,False,-7.9261675,112.5950573,152.01,0.0,0.0,IDLE,,
1785927184.201,2026-08-05 17:53:04,GUIDED,False,-7.9261675,112.5950573,152.0,0.0,0.0,IDLE,,
1785927184.336,2026-08-05 17:53:04,GUIDED,False,-7.9261687,112.5950582,152.03,0.0,0.0,IDLE,,
1785927184.472,2026-08-05 17:53:04,GUIDED,False,-7.9261687,112.5950582,152.02,0.0,0.0,IDLE,,
1785927184.611,2026-08-05 17:53:04,GUIDED,False,-7.9261694,112.5950554,152.03,0.0,0.0,IDLE,,
1785927184.749,2026-08-05 17:53:04,GUIDED,False,-7.9261713,112.5950596,152.05,0.0,0.0,IDLE,,
1785927184.883,2026-08-05 17:53:04,GUIDED,False,-7.9261713,112.5950596,152.05,0.0,0.0,IDLE,,
1785927185.017,2026-08-05 17:53:05,GUIDED,False,-7.9261715,112.5950636,152.06,0.0,0.0,IDLE,,
1785927185.168,2026-08-05 17:53:05,GUIDED,False,-7.9261715,112.5950636,152.05,0.0,0.0,IDLE,,
1785927185.299,2026-08-05 17:53:05,GUIDED,False,-7.9261714,112.5950618,152.05,0.0,0.0,IDLE,,
1785927185.439,2026-08-05 17:53:05,GUIDED,False,-7.9261703,112.5950571,152.06,0.0,0.0,IDLE,,
1785927185.567,2026-08-05 17:53:05,GUIDED,False,-7.9261701,112.5950574,152.07,0.0,0.0,IDLE,,
1785927185.701,2026-08-05 17:53:05,GUIDED,False,-7.9261701,112.5950574,152.07,0.0,0.0,IDLE,,
1785927186.161,2026-08-05 17:53:06,GUIDED,False,-7.9261728,112.595061,152.09,0.0,0.0,IDLE,,
1785927186.553,2026-08-05 17:53:06,GUIDED,False,-7.9261808,112.595067,152.09,0.0,0.0,IDLE,,
1785927186.715,2026-08-05 17:53:06,GUIDED,False,-7.9261851,112.5950706,152.07,0.0,0.0,IDLE,,
1785927186.865,2026-08-05 17:53:06,GUIDED,False,-7.9261851,112.5950706,152.06,0.0,0.0,IDLE,,
1785927186.998,2026-08-05 17:53:06,GUIDED,False,-7.9261877,112.5950741,152.05,0.0,0.0,IDLE,,
1785927187.139,2026-08-05 17:53:07,GUIDED,False,-7.9261877,112.5950741,152.06,0.0,0.0,IDLE,,
1785927187.278,2026-08-05 17:53:07,GUIDED,False,-7.9261904,112.5950773,152.05,0.0,0.0,IDLE,,
1785927187.416,2026-08-05 17:53:07,GUIDED,False,-7.9261926,112.5950781,152.06,0.0,0.0,IDLE,,
1785927187.550,2026-08-05 17:53:07,GUIDED,False,-7.9261919,112.5950715,152.06,0.0,0.0,IDLE,,
1785927187.686,2026-08-05 17:53:07,GUIDED,False,-7.9261919,112.5950715,152.04,0.0,0.0,IDLE,,
1785927187.830,2026-08-05 17:53:07,GUIDED,False,-7.9261924,112.5950635,152.03,0.0,0.0,IDLE,,
1785927187.962,2026-08-05 17:53:07,GUIDED,False,-7.9261919,112.5950596,152.02,0.0,0.0,IDLE,,
1785927188.097,2026-08-05 17:53:08,GUIDED,False,-7.9261919,112.5950596,152.01,0.0,0.0,IDLE,,
1785927188.235,2026-08-05 17:53:08,GUIDED,False,-7.9261903,112.5950554,152.01,0.0,0.0,IDLE,,
1785927188.371,2026-08-05 17:53:08,GUIDED,False,-7.926189,112.595053,152.01,0.0,0.0,IDLE,,
1785927188.512,2026-08-05 17:53:08,GUIDED,False,-7.9261885,112.5950509,152.01,0.0,0.0,IDLE,,
1785927188.644,2026-08-05 17:53:08,GUIDED,False,-7.9261885,112.5950509,152.02,0.0,0.0,IDLE,,
1785927188.782,2026-08-05 17:53:08,GUIDED,False,-7.926188,112.595049,152.03,0.0,0.0,IDLE,,
1785927188.915,2026-08-05 17:53:08,GUIDED,False,-7.9261877,112.5950444,152.02,0.0,0.0,IDLE,,
1785927189.055,2026-08-05 17:53:09,GUIDED,False,-7.9261877,112.5950444,152.03,0.0,0.0,IDLE,,
1785927189.192,2026-08-05 17:53:09,GUIDED,False,-7.9261877,112.5950444,152.02,0.0,0.0,IDLE,,
1785927189.329,2026-08-05 17:53:09,GUIDED,False,-7.9261874,112.5950415,152.0,0.0,0.0,IDLE,,
1785927189.465,2026-08-05 17:53:09,GUIDED,False,-7.9261874,112.5950415,152.0,0.0,0.0,IDLE,,
1785927189.600,2026-08-05 17:53:09,GUIDED,False,-7.9261871,112.5950391,151.99,0.0,0.0,IDLE,,
1785927189.739,2026-08-05 17:53:09,GUIDED,False,-7.9261885,112.5950382,152.0,0.0,0.0,IDLE,,
1785927189.880,2026-08-05 17:53:09,GUIDED,False,-7.9261885,112.5950382,152.0,0.0,0.0,IDLE,,
1785927190.031,2026-08-05 17:53:10,GUIDED,False,-7.9261906,112.5950366,151.99,0.0,0.0,IDLE,,
1785927190.178,2026-08-05 17:53:10,GUIDED,False,-7.9261906,112.5950366,151.99,0.0,0.0,IDLE,,
1785927190.313,2026-08-05 17:53:10,GUIDED,False,-7.9261948,112.5950362,151.98,0.0,0.0,IDLE,,
1785927190.452,2026-08-05 17:53:10,GUIDED,False,-7.9261948,112.5950362,151.98,0.0,0.0,IDLE,,
1785927190.610,2026-08-05 17:53:10,GUIDED,False,-7.9261968,112.5950341,151.99,0.0,0.0,IDLE,,
1785927190.930,2026-08-05 17:53:10,GUIDED,False,-7.9262023,112.5950259,151.98,0.0,0.0,IDLE,,
1785927191.067,2026-08-05 17:53:11,GUIDED,False,-7.9262023,112.5950259,151.97,0.0,0.0,IDLE,,
1785927191.200,2026-08-05 17:53:11,GUIDED,False,-7.9262023,112.5950259,151.97,0.0,0.0,IDLE,,
1785927191.367,2026-08-05 17:53:11,GUIDED,False,-7.9262093,112.5950236,151.99,0.0,0.0,IDLE,,
1785927191.539,2026-08-05 17:53:11,GUIDED,False,-7.926214,112.5950198,151.98,0.0,0.0,IDLE,,
1785927191.686,2026-08-05 17:53:11,GUIDED,False,-7.926214,112.5950198,151.98,0.0,0.0,IDLE,,
1785927191.843,2026-08-05 17:53:11,GUIDED,False,-7.9262181,112.5950166,151.99,0.0,0.0,IDLE,,
1785927192.048,2026-08-05 17:53:12,GUIDED,False,-7.9262215,112.5950161,151.99,0.0,0.0,IDLE,,
1785927192.241,2026-08-05 17:53:12,GUIDED,False,-7.9262218,112.5950164,151.99,0.0,0.0,IDLE,,
1785927192.406,2026-08-05 17:53:12,GUIDED,False,-7.9262222,112.5950168,151.98,0.0,0.0,IDLE,,
1785927192.568,2026-08-05 17:53:12,GUIDED,False,-7.9262239,112.5950176,151.99,0.0,0.0,IDLE,,
1785927192.733,2026-08-05 17:53:12,GUIDED,False,-7.926226,112.5950189,151.99,0.0,0.0,IDLE,,
1785927192.899,2026-08-05 17:53:12,GUIDED,False,-7.926226,112.5950189,151.99,0.0,0.0,IDLE,,
1785927193.076,2026-08-05 17:53:13,GUIDED,False,-7.9262287,112.5950201,151.97,0.0,0.0,IDLE,,
1785927193.230,2026-08-05 17:53:13,GUIDED,False,-7.9262327,112.5950247,151.98,0.0,0.0,IDLE,,
1785927193.364,2026-08-05 17:53:13,GUIDED,False,-7.9262371,112.5950303,151.97,0.0,0.0,IDLE,,
1785927193.495,2026-08-05 17:53:13,GUIDED,False,-7.9262371,112.5950303,151.97,0.0,0.0,IDLE,,
1785927193.625,2026-08-05 17:53:13,GUIDED,False,-7.9262401,112.5950316,151.95,0.0,0.0,IDLE,,
1785927193.762,2026-08-05 17:53:13,GUIDED,False,-7.926242,112.5950339,151.95,0.0,0.0,IDLE,,
1785927193.896,2026-08-05 17:53:13,GUIDED,False,-7.926242,112.5950339,151.95,0.0,0.0,IDLE,,
1785927194.033,2026-08-05 17:53:14,GUIDED,False,-7.9262427,112.595037,151.94,0.0,0.0,IDLE,,
1785927194.198,2026-08-05 17:53:14,GUIDED,False,-7.9262427,112.595037,151.93,0.0,0.0,IDLE,,
1785927194.391,2026-08-05 17:53:14,GUIDED,False,-7.9262461,112.5950385,151.94,0.0,0.0,IDLE,,
1785927194.550,2026-08-05 17:53:14,GUIDED,False,-7.9262486,112.5950435,151.93,0.0,0.0,IDLE,,
1785927194.687,2026-08-05 17:53:14,GUIDED,False,-7.9262486,112.5950435,151.93,0.0,0.0,IDLE,,
1785927194.821,2026-08-05 17:53:14,GUIDED,False,-7.9262504,112.5950468,151.95,0.0,0.0,IDLE,,
1785927194.963,2026-08-05 17:53:14,GUIDED,False,-7.9262524,112.5950497,151.93,0.0,0.0,IDLE,,
1785927195.130,2026-08-05 17:53:15,GUIDED,False,-7.9262524,112.5950497,151.94,0.0,0.0,IDLE,,
1785927195.317,2026-08-05 17:53:15,GUIDED,False,-7.9262563,112.5950522,151.93,0.0,0.0,IDLE,,
1785927195.683,2026-08-05 17:53:15,GUIDED,False,-7.9262593,112.5950514,151.93,0.0,0.0,IDLE,,
1785927195.870,2026-08-05 17:53:15,GUIDED,False,-7.9262609,112.5950516,151.95,0.0,0.0,IDLE,,
1785927196.006,2026-08-05 17:53:16,GUIDED,False,-7.926263,112.5950539,151.94,0.0,0.0,IDLE,,
1785927196.150,2026-08-05 17:53:16,GUIDED,False,-7.926263,112.5950539,151.94,0.0,0.0,IDLE,,
1785927196.286,2026-08-05 17:53:16,GUIDED,False,-7.926265,112.5950571,151.93,0.0,0.0,IDLE,,
1785927196.445,2026-08-05 17:53:16,GUIDED,False,-7.9262665,112.5950558,151.93,0.0,0.0,IDLE,,
1785927196.620,2026-08-05 17:53:16,GUIDED,False,-7.9262686,112.5950539,151.91,0.0,0.0,IDLE,,
1785927196.758,2026-08-05 17:53:16,GUIDED,False,-7.9262692,112.5950535,151.93,0.0,0.0,IDLE,,
1785927196.899,2026-08-05 17:53:16,GUIDED,False,-7.9262692,112.5950535,151.93,0.0,0.0,IDLE,,
1785927197.038,2026-08-05 17:53:17,GUIDED,False,-7.9262706,112.5950554,151.93,0.0,0.0,IDLE,,
1785927197.233,2026-08-05 17:53:17,GUIDED,False,-7.9262718,112.5950561,151.93,0.0,0.0,IDLE,,
1785927197.386,2026-08-05 17:53:17,GUIDED,False,-7.9262713,112.5950522,151.93,0.0,0.0,IDLE,,
1785927197.614,2026-08-05 17:53:17,GUIDED,False,-7.9262712,112.5950459,151.94,0.0,0.0,IDLE,,
1785927197.883,2026-08-05 17:53:17,GUIDED,False,-7.9262691,112.5950376,151.94,0.0,0.0,IDLE,,
1785927198.068,2026-08-05 17:53:18,GUIDED,False,-7.9262672,112.5950313,151.93,0.0,0.0,IDLE,,
1785927198.247,2026-08-05 17:53:18,GUIDED,False,-7.9262674,112.5950314,151.92,0.0,0.0,IDLE,,
1785927198.621,2026-08-05 17:53:18,GUIDED,False,-7.9262721,112.5950465,151.91,0.0,0.0,IDLE,,
1785927198.773,2026-08-05 17:53:18,GUIDED,False,-7.9262725,112.5950549,151.92,0.0,0.0,IDLE,,
1785927198.934,2026-08-05 17:53:18,GUIDED,False,-7.9262716,112.5950554,151.91,0.0,0.0,IDLE,,
1785927199.096,2026-08-05 17:53:19,GUIDED,False,-7.9262716,112.5950554,151.9,0.0,0.0,IDLE,,
1785927199.258,2026-08-05 17:53:19,GUIDED,False,-7.9262695,112.5950542,151.9,0.0,0.0,IDLE,,
1785927199.411,2026-08-05 17:53:19,GUIDED,False,-7.9262684,112.5950576,151.89,0.0,0.0,IDLE,,
1785927199.637,2026-08-05 17:53:19,GUIDED,False,-7.9262688,112.5950624,151.89,0.0,0.0,IDLE,,
1785927200.249,2026-08-05 17:53:20,GUIDED,False,-7.926266,112.5950561,151.87,0.0,0.0,IDLE,,
1785927200.663,2026-08-05 17:53:20,GUIDED,False,-7.9262677,112.5950463,151.88,0.0,0.0,IDLE,,
1785927200.800,2026-08-05 17:53:20,GUIDED,False,-7.9262672,112.5950418,151.86,0.0,0.0,IDLE,,
1785927200.935,2026-08-05 17:53:20,GUIDED,False,-7.9262659,112.5950382,151.85,0.0,0.0,IDLE,,
1785927201.073,2026-08-05 17:53:21,GUIDED,False,-7.9262659,112.5950382,151.84,0.0,0.0,IDLE,,
1785927201.205,2026-08-05 17:53:21,GUIDED,False,-7.9262649,112.595038,151.83,0.0,0.0,IDLE,,
1785927201.347,2026-08-05 17:53:21,GUIDED,False,-7.9262625,112.5950353,151.85,0.0,0.0,IDLE,,
1785927201.487,2026-08-05 17:53:21,GUIDED,False,-7.9262625,112.5950353,151.83,0.0,0.0,IDLE,,
1785927201.636,2026-08-05 17:53:21,GUIDED,False,-7.926258,112.5950312,151.83,0.0,0.0,IDLE,,
1785927201.780,2026-08-05 17:53:21,GUIDED,False,-7.9262541,112.595021,151.83,0.0,0.0,IDLE,,
1785927201.927,2026-08-05 17:53:21,GUIDED,False,-7.9262533,112.5950212,151.84,0.0,0.0,IDLE,,
1785927202.148,2026-08-05 17:53:22,GUIDED,False,-7.9262533,112.5950212,151.87,0.0,0.0,IDLE,,
1785927202.272,2026-08-05 17:53:22,GUIDED,False,-7.9262525,112.5950163,151.86,0.0,0.0,IDLE,,
1785927202.400,2026-08-05 17:53:22,GUIDED,False,-7.9262539,112.5950098,151.85,0.0,0.0,IDLE,,
1785927202.546,2026-08-05 17:53:22,GUIDED,False,-7.926254,112.5950069,151.86,0.0,0.0,IDLE,,
